year,gross_completion_rate
2020,38.55
2021,39.5048840019058
2022,38.7341995273676
2023,42.04513154535075
2024,41.3765775246484
