year,dropout_rate_pct
2020,4.59
2021,4.5879815937378
2022,4.88961711903057
2023,4.82765190955621
2024,4.82027585377703
